{
  "H0": 12,
  "H1": 3,
  "pi_energy_mean": 0.00019145310804545847,
  "pi_energy_std": 0.0002537519743583575
}