{
  "H0": 12,
  "H1": 1,
  "pi_energy_mean": 0.00012293120378187154,
  "pi_energy_std": 0.00013452914610315777
}