{
  "H0": 12,
  "H1": 0,
  "pi_energy_mean": 0.000510595658392893,
  "pi_energy_std": 0.0004217630335096887
}