{
  "H0": 12,
  "H1": 1,
  "pi_energy_mean": 0.0002335109379177601,
  "pi_energy_std": 0.00021086372527726911
}